{
  "assetsByChunkName": {
    "vendors~app-account~app-confirmation~app-order": "chunk.e2ce10a51b8c2bc59a82.js",
    "vendors~app-account~app-checkout": "chunk.948bd3c804fcd6fc339e.js",
    "vendors~app-cart~app-checkout": "chunk.2c40efae22347f585c03.js",
    "admin": [
      "admin.fe109d574fd98f81397d.js",
      "admin.fe109d574fd98f81397d.js.map"
    ],
    "app-account": "chunk.cad13b299448ac84783c.js",
    "app-confirmation": "chunk.c9f192d5a86d2fe059db.js",
    "app-order": "chunk.7cd3948aebd11db5a053.js",
    "checkout": [
      "checkout.9cf7770609a378ff1425.js",
      "checkout.9cf7770609a378ff1425.js.map"
    ],
    "storefront": [
      "storefront.8752b17e4010732d778c.css",
      "storefront.8f1c76a521c4b8b8a791.js",
      "storefront.8752b17e4010732d778c.css.map",
      "storefront.8f1c76a521c4b8b8a791.js.map"
    ],
    "vendors~app-cart": "chunk.4917d6561a14618c9b88.js",
    "vendors~app-checkout": "chunk.aefca6f7fc3b08a0031f.js"
  }
}